"iyear","imonth","number","nkill","mean_kill","max_kill","min_kill","nwound","mean_wound","max_wound","min_wound"
"1970","1","24","0","0.0000","0","0","3","0.1250","2","0"
"1970","2","33","48","1.4545","47","0","15","0.4545","7","0"
"1970","3","35","0","0.0000","0","0","21","0.6000","17","0"
"1970","4","53","36","0.6792","36","0","10","0.1887","5","0"
"1970","5","51","0","0.0000","0","0","40","0.7843","12","0"
"1970","6","29","2","0.0690","1","0","38","1.3103","20","0"
"1970","7","43","4","0.0930","2","0","3","0.0698","3","0"
"1970","8","21","7","0.3333","4","0","15","0.7143","7","0"
"1970","9","19","3","0.1579","2","0","2","0.1053","2","0"
"1970","10","26","0","0.0000","0","0","5","0.1923","2","0"
"1970","11","20","0","0.0000","0","0","1","0.0500","1","0"
"1970","12","18","0","0.0000","0","0","4","0.2222","3","0"
"1971","1","24","0","0.0000","0","0","2","0.0833","2","0"
"1971","2","13","0","0.0000","0","0","0","0.0000","0","0"
"1971","3","24","0","0.0000","0","0","0","0.0000","0","0"
"1971","4","39","9","0.2308","3","0","0","0.0000","0","0"
"1971","5","17","1","0.0588","1","0","6","0.3529","3","0"
"1971","6","17","1","0.0588","1","0","0","0.0000","0","0"
"1971","7","14","0","0.0000","0","0","0","0.0000","0","0"
"1971","8","16","1","0.0625","1","0","2","0.1250","2","0"
"1971","9","6","1","0.1667","1","0","11","1.8333","11","0"
"1971","10","6","0","0.0000","0","0","0","0.0000","0","0"
"1971","11","9","0","0.0000","0","0","27","3.0000","27","0"
"1971","12","5","0","0.0000","0","0","3","0.6000","3","0"
"1972","0","1","0","0.0000","0","0","0","0.0000","0","0"
"1972","1","7","29","4.1429","26","0","3","0.4286","3","0"
"1972","2","9","15","1.6667","7","0","37","4.1111","19","0"
"1972","3","12","2","0.1667","1","0","58","4.8333","56","0"
"1972","4","2","0","0.0000","0","0","1","0.5000","1","0"
"1972","5","16","26","1.6250","26","0","101","6.3125","72","0"
"1972","6","5","82","16.4000","81","0","0","0.0000","0","0"
"1972","7","1","0","0.0000","0","0","0","0.0000","0","0"
"1972","8","8","0","0.0000","0","0","14","1.7500","4","0"
"1972","9","78","2","0.0256","1","0","1","0.0128","1","0"
"1972","10","8","4","0.5000","2","0","3","0.3750","3","0"
"1972","11","3","1","0.3333","1","0","2","0.6667","2","0"
"1972","12","11","2","0.1818","2","0","2","0.1818","2","0"
"1973","1","10","21","2.1000","8","0","23","2.3000","20","0"
"1973","2","3","2","0.6667","2","0","2","0.6667","2","0"
"1973","3","8","1","0.1250","1","0","2","0.2500","2","0"
"1973","4","10","3","0.3000","1","0","1","0.1000","1","0"
"1973","5","9","4","0.4444","2","0","0","0.0000","0","0"
"1973","6","6","4","0.6667","1","0","0","0.0000","0","0"
"1973","7","8","1","0.1250","1","0","0","0.0000","0","0"
"1973","8","5","6","1.2000","5","0","63","12.6000","55","0"
"1973","9","14","5","0.3571","2","0","4","0.2857","2","0"
"1973","10","8","6","0.7500","4","0","16","2.0000","15","0"
"1973","11","10","4","0.4000","1","0","1","0.1000","1","0"
"1973","12","16","36","2.2500","30","0","71","4.4375","50","0"
"1974","0","2","0","0.0000","0","0","0","0.0000","0","0"
"1974","1","15","6","0.4000","2","0","9","0.6000","5","0"
"1974","2","13","12","0.9231","12","0","25","1.9231","14","0"
"1974","3","17","0","0.0000","0","0","1","0.0588","1","0"
"1974","4","10","1","0.1000","1","0","1","0.1000","1","0"
"1974","5","12","36","3.0000","25","0","176","14.6667","102","0"
"1974","6","18","11","0.6111","7","0","24","1.3333","11","0"
"1974","7","9","1","0.1111","1","0","45","5.0000","41","0"
"1974","8","11","3","0.2727","3","0","40","3.6364","36","0"
"1974","9","14","104","7.4286","88","0","78","5.5714","70","0"
"1974","10","18","7","0.3889","5","0","30","1.6667","25","0"
"1974","11","15","24","1.6000","11","0","198","13.2000","81","0"
"1974","12","26","3","0.1154","2","0","89","3.4231","54","0"
"1975","1","10","12","1.2000","4","0","65","6.5000","53","0"
"1975","2","16","1","0.0625","1","0","5","0.3125","4","0"
"1975","3","20","27","1.3500","27","0","100","5.0000","100","0"
"1975","4","20","4","0.2000","3","0","17","0.8500","13","0"
"1975","5","19","2","0.1053","1","0","0","0.0000","0","0"
"1975","6","19","1","0.0526","1","0","48","2.5263","45","0"
"1975","7","12","5","0.4167","1","0","8","0.6667","4","0"
"1975","8","18","3","0.1667","1","0","43","2.3889","33","0"
"1975","9","20","4","0.2000","2","0","51","2.5500","40","0"
"1975","10","33","41","1.2424","26","0","64","1.9394","18","0"
"1975","11","13","18","1.3846","9","0","66","5.0769","62","0"
"1975","12","25","14","0.5600","11","0","91","3.6400","74","0"
"1976","1","20","21","1.0500","10","0","12","0.6000","8","0"
"1976","2","19","11","0.5789","8","0","22","1.1579","19","0"
"1976","3","18","4","0.2222","2","0","0","0.0000","0","0"
"1976","4","22","12","0.5455","8","0","31","1.4091","22","0"
"1976","5","28","20","0.7143","16","0","21","0.7500","14","0"
"1976","6","15","12","0.8000","7","0","39","2.6000","34","0"
"1976","7","36","26","0.7222","25","0","38","1.0556","30","0"
"1976","8","22","36","1.6364","30","0","34","1.5455","17","0"
"1976","9","25","17","0.6800","9","0","38","1.5200","34","0"
"1976","10","28","79","2.8214","73","0","14","0.5000","7","0"
"1976","11","22","9","0.4091","9","0","13","0.5909","5","0"
"1976","12","26","14","0.5385","10","0","307","11.8077","285","0"
"1977","0","3","0","0.0000","0","0","0","0.0000","0","0"
"1977","1","23","17","0.7391","9","0","8","0.3478","2","0"
"1977","2","19","2","0.1053","1","0","2","0.1053","1","0"
"1977","3","37","1","0.0270","1","0","24","0.6486","9","0"
"1977","4","13","1","0.0769","1","0","0","0.0000","0","0"
"1977","5","29","9","0.3103","5","0","86","2.9655","42","0"
"1977","6","52","5","0.0962","2","0","32","0.6154","16","0"
"1977","7","52","0","0.0000","0","0","27","0.5192","23","0"
"1977","8","63","3","0.0476","1","0","2","0.0317","2","0"
"1977","9","42","7","0.1667","2","0","51","1.2143","16","0"
"1977","10","74","29","0.3919","13","0","54","0.7297","12","0"
"1977","11","28","8","0.2857","3","0","28","1.0000","16","0"
"1977","12","59","11","0.1864","9","0","19","0.3220","9","0"
"1978","1","61","7","0.1148","4","0","14","0.2295","3","0"
"1978","2","70","41","0.5857","14","0","140","2.0000","43","0"
"1978","3","50","55","1.1000","42","0","172","3.4400","76","0"
"1978","4","38","6","0.1579","2","0","36","0.9474","20","0"
"1978","5","43","13","0.3023","5","0","14","0.3256","5","0"
"1978","6","41","24","0.5854","17","0","14","0.3415","7","0"
"1978","7","32","5","0.1563","2","0","13","0.4063","3","0"
"1978","8","43","140","3.2558","98","0","269","6.2558","160","0"
"1978","9","51","43","0.8431","10","0","44","0.8627","12","0"
"1978","10","43","38","0.8837","14","0","70","1.6279","15","0"
"1978","11","41","53","1.2927","34","0","111","2.7073","37","0"
"1978","12","76","11","0.1447","3","0","173","2.2763","60","0"
"1979","1","108","141","1.3056","19","0","182","1.6852","55","0"
"1979","2","99","157","1.5859","54","0","167","1.6869","78","0"
"1979","3","76","44","0.5789","22","0","183","2.4079","60","0"
"1979","4","82","37","0.4512","4","0","143","1.7439","33","0"
"1979","5","135","109","0.8074","27","0","206","1.5259","40","0"
"1979","6","71","30","0.4225","5","0","151","2.1268","38","0"
"1979","7","69","56","0.8116","9","0","322","4.6667","60","0"
"1979","8","80","145","1.8125","50","0","106","1.3250","18","0"
"1979","9","58","47","0.8103","7","0","75","1.2931","30","0"
"1979","10","84","62","0.7381","11","0","84","1.0000","19","0"
"1979","11","54","61","1.1296","8","0","69","1.2778","12","0"
"1979","12","70","57","0.8143","7","0","63","0.9000","9","0"
"1980","1","70","71","1.0143","20","0","60","0.8571","20","0"
"1980","2","56","71","1.2679","16","0","174","3.1071","78","0"
"1980","3","79","265","3.3544","30","0","247","3.1266","60","0"
"1980","4","112","208","1.8571","19","0","197","1.7589","40","0"
"1980","5","59","195","3.3051","50","0","73","1.2373","18","0"
"1980","6","87","170","1.9540","40","0","285","3.2759","100","0"
"1980","7","68","115","1.6912","32","0","132","1.9412","34","0"
"1980","8","51","465","9.1176","300","0","60","1.1765","21","0"
"1980","9","78","80","1.0256","11","0","232","2.9744","80","0"
"1980","10","68","89","1.3088","16","0","140","2.0588","20","0"
"1980","11","64","165","2.5781","22","0","98","1.5313","22","0"
"1980","12","54","45","0.8333","7","0","53","0.9815","22","0"
"1981","1","68","357","5.2500","87","0","124","1.8235","75","0"
"1981","2","63","280","4.4444","50","0","136","2.1587","23","0"
"1981","3","75","406","5.4133","100","0","124","1.6533","16","0"
"1981","4","64","216","3.3750","29","0","263","4.1094","161","0"
"1981","5","76","187","2.4605","34","0","95","1.2500","26","0"
"1981","6","60","270","4.5000","74","0","227","3.7833","50","0"
"1981","7","61","247","4.0492","50","0","70","1.1475","20","0"
"1981","8","78","179","2.2949","35","0","189","2.4231","56","0"
"1981","9","66","264","4.0000","32","0","93","1.4091","30","0"
"1981","10","76","233","3.0658","54","0","45","0.5921","8","0"
"1981","11","85","190","2.2353","30","0","61","0.7176","12","0"
"1981","12","86","374","4.3488","70","0","132","1.5349","12","0"
"1982","1","77","448","5.8182","48","0","53","0.6883","12","0"
"1982","2","54","332","6.1481","80","0","62","1.1481","24","0"
"1982","3","71","278","3.9155","60","0","145","2.0423","43","0"
"1982","4","67","230","3.4328","30","0","66","0.9851","9","0"
"1982","5","89","234","2.6292","30","0","128","1.4382","20","0"
"1982","6","49","68","1.3878","10","0","14","0.2857","4","0"
"1982","7","75","266","3.5467","41","0","44","0.5867","15","0"
"1982","8","60","209","3.4833","41","0","138","2.3000","50","0"
"1982","9","59","55","0.9322","20","0","135","2.2881","100","0"
"1982","10","77","137","1.7792","26","0","142","1.8442","37","0"
"1982","11","47","123","2.6170","24","0","32","0.6809","10","0"
"1982","12","54","78","1.4444","13","0","49","0.9074","20","0"
"1983","1","97","365","3.7629","75","0","111","1.1443","21","0"
"1983","2","53","265","5.0000","30","0","185","3.4906","75","0"
"1983","3","72","352","4.8889","70","0","78","1.0833","17","0"
"1983","4","74","654","8.8378","120","0","53","0.7162","10","0"
"1983","5","80","774","9.6750","120","0","77","0.9625","15","0"
"1983","6","78","231","2.9615","40","0","106","1.3590","21","0"
"1983","7","60","221","3.6833","77","0","482","8.0333","319","0"
"1983","8","76","398","5.2368","42","0","295","3.8816","133","0"
"1983","9","69","372","5.3913","49","0","202","2.9275","48","0"
"1983","10","83","571","6.8795","165","0","213","2.5663","30","0"
"1983","11","70","259","3.7000","108","0","154","2.2000","68","0"
"1983","12","53","177","3.3396","35","0","195","3.6792","34","0"
"1984","1","113","215","1.9027","65","0","67","0.5929","15","0"
"1984","2","75","301","4.0133","45","0","50","0.6667","14","0"
"1984","3","104","399","3.8365","45","0","217","2.0865","50","0"
"1984","4","104","327","3.1442","60","0","309","2.9712","70","0"
"1984","5","113","222","1.9646","40","0","156","1.3805","45","0"
"1984","6","74","224","3.0270","46","0","71","0.9595","28","0"
"1984","7","125","880","7.0400","180","0","144","1.1520","40","0"
"1984","8","132","789","5.9773","250","0","134","1.0152","25","0"
"1984","9","119","824","6.9244","93","0","191","1.6050","50","0"
"1984","10","66","365","5.5303","80","0","130","1.9697","34","0"
"1984","11","90","602","6.6889","111","0","183","2.0333","32","0"
"1984","12","72","197","2.7361","50","0","62","0.8611","15","0"
"1985","1","68","419","6.1618","94","0","112","1.6471","14","0"
"1985","2","76","240","3.1579","75","0","161","2.1184","60","0"
"1985","3","73","177","2.4247","22","0","150","2.0548","24","0"
"1985","4","60","208","3.4667","60","0","186","3.1000","82","0"
"1985","5","199","465","2.3367","60","0","364","1.8291","200","0"
"1985","6","109","245","2.2477","62","0","108","0.9908","24","0"
"1985","7","137","368","2.6861","41","0","100","0.7299","30","0"
"1985","8","124","219","1.7661","26","0","136","1.0968","44","0"
"1985","9","101","137","1.3564","30","0","225","2.2277","68","0"
"1985","10","86","275","3.1977","52","0","146","1.6977","60","0"
"1985","11","95","469","4.9368","97","0","280","2.9474","40","0"
"1985","12","77","315","4.0909","70","0","226","2.9351","81","0"
"1986","1","96","59","0.6146","10","0","56","0.5833","16","0"
"1986","2","86","149","1.7326","40","0","162","1.8837","30","0"
"1986","3","121","264","2.1818","44","0","285","2.3554","80","0"
"1986","4","88","123","1.3977","25","0","395","4.4886","230","0"
"1986","5","94","276","2.9362","45","0","384","4.0851","114","0"
"1986","6","168","181","1.0774","19","0","372","2.2143","68","0"
"1986","7","90","159","1.7667","41","0","173","1.9222","27","0"
"1986","8","76","99","1.3026","17","0","124","1.6316","18","0"
"1986","9","90","116","1.2889","16","0","427","4.7444","90","0"
"1986","10","84","109","1.2976","22","0","156","1.8571","70","0"
"1986","11","61","154","2.5246","27","0","122","2.0000","39","0"
"1986","12","47","72","1.5319","19","0","45","0.9574","13","0"
"1987","1","73","100","1.3699","13","0","161","2.2055","50","0"
"1987","2","94","198","2.1064","80","0","141","1.5000","58","0"
"1987","3","70","263","3.7571","70","0","248","3.5429","130","0"
"1987","4","105","158","1.5048","15","0","159","1.5143","40","0"
"1987","5","78","132","1.6923","18","0","200","2.5641","34","0"
"1987","6","104","216","2.0769","32","0","240","2.3077","45","0"
"1987","7","122","575","4.7131","388","0","649","5.3197","300","0"
"1987","8","86","57","0.6628","11","0","208","2.4186","45","0"
"1987","9","70","84","1.2000","15","0","57","0.8143","30","0"
"1987","10","102","184","1.8039","20","0","119","1.1667","18","0"
"1987","11","151","144","0.9536","63","0","134","0.8874","78","0"
"1987","12","71","118","1.6620","24","0","133","1.8732","40","0"
"1988","1","124","224","1.8065","24","0","229","1.8468","71","0"
"1988","2","126","214","1.6984","37","0","109","0.8651","15","0"
"1988","3","135","252","1.8667","32","0","385","2.8519","60","0"
"1988","4","103","275","2.6699","52","0","265","2.5728","125","0"
"1988","5","123","274","2.2276","26","0","267","2.1707","75","0"
"1988","6","143","290","2.0280","32","0","196","1.3706","49","0"
"1988","7","160","247","1.5438","20","0","242","1.5125","59","0"
"1988","8","92","157","1.7065","40","0","222","2.4130","28","0"
"1988","9","93","116","1.2473","15","0","242","2.6022","40","0"
"1988","10","131","224","1.7099","45","0","268","2.0458","70","0"
"1988","11","121","227","1.8760","43","0","350","2.8926","100","0"
"1988","12","116","338","2.9138","270","0","211","1.8190","50","0"
"1989","1","150","484","3.2267","84","0","295","1.9667","80","0"
"1989","2","152","208","1.3684","17","0","197","1.2961","38","0"
"1989","3","121","220","1.8182","36","0","165","1.3636","50","0"
"1989","4","139","198","1.4245","21","0","160","1.1511","34","0"
"1989","5","202","543","2.6881","51","0","247","1.2228","80","0"
"1989","6","184","312","1.6957","40","0","190","1.0326","44","0"
"1989","7","110","164","1.4909","18","0","229","2.0818","49","0"
"1989","8","149","207","1.3893","16","0","261","1.7517","57","0"
"1989","9","236","471","1.9958","171","0","322","1.3644","30","0"
"1989","10","165","313","1.8970","27","0","167","1.0121","26","0"
"1989","11","186","426","2.2903","107","0","164","0.8817","36","0"
"1989","12","119","131","1.1008","15","0","100","0.8403","25","0"
"1990","1","118","183","1.5508","39","0","127","1.0763","28","0"
"1990","2","127","177","1.3937","19","0","178","1.4016","36","0"
"1990","3","198","361","1.8232","50","0","101","0.5101","30","0"
"1990","4","163","357","2.1902","24","0","394","2.4172","109","0"
"1990","5","168","132","0.7857","21","0","279","1.6607","50","0"
"1990","6","174","315","1.8103","34","0","240","1.3793","30","0"
"1990","7","170","334","1.9647","72","0","147","0.8647","27","0"
"1990","8","221","900","4.0724","112","0","506","2.2896","100","0"
"1990","9","197","318","1.6142","35","0","543","2.7563","150","0"
"1990","10","141","200","1.4184","20","0","123","0.8723","27","0"
"1990","11","97","194","2.0000","25","0","66","0.6804","15","0"
"1990","12","59","141","2.3898","96","0","129","2.1864","50","0"
"1991","1","160","104","0.6500","23","0","45","0.2813","7","0"
"1991","2","143","206","1.4406","22","0","389","2.7203","176","0"
"1991","3","155","270","1.7419","30","0","223","1.4387","38","0"
"1991","4","143","377","2.6364","54","0","174","1.2168","45","0"
"1991","5","178","284","1.5955","34","0","234","1.3146","50","0"
"1991","6","106","124","1.1698","60","0","205","1.9340","50","0"
"1991","7","191","450","2.3560","200","0","202","1.0576","20","0"
"1991","8","209","451","2.1579","50","0","449","2.1483","100","0"
"1991","9","212","473","2.2311","130","0","277","1.3066","50","0"
"1991","10","291","552","1.8969","100","0","444","1.5258","100","0"
"1991","11","236","542","2.2966","65","0","385","1.6314","52","0"
"1991","12","214","516","2.4112","47","0","543","2.5374","70","0"
"1992","1","188","329","1.7500","47","0","328","1.7447","50","0"
"1992","2","161","267","1.6584","15","0","310","1.9255","70","0"
"1992","3","300","616","2.0533","50","0","638","2.1267","220","0"
"1992","4","158","855","5.4114","200","0","727","4.6013","300","0"
"1992","5","223","508","2.2780","30","0","454","2.0359","85","0"
"1992","6","151","327","2.1656","39","0","238","1.5762","30","0"
"1992","7","160","265","1.6563","18","0","347","2.1688","100","0"
"1992","8","173","311","1.7977","30","0","329","1.9017","100","0"
"1992","9","282","517","1.8333","52","0","336","1.1915","55","0"
"1992","10","297","859","2.8923","84","0","511","1.7205","61","0"
"1992","11","320","433","1.3531","38","0","1298","4.0563","800","0"
"1992","12","247","447","1.8097","89","0","551","2.2308","100","0"
"1994","1","157","221","1.4076","16","0","308","1.9618","40","0"
"1994","2","211","359","1.7014","48","0","563","2.6682","100","0"
"1994","3","244","437","1.7910","77","0","425","1.7418","173","0"
"1994","4","208","1808","8.6923","1180","0","438","2.1058","92","0"
"1994","5","149","259","1.7383","34","0","113","0.7584","23","0"
"1994","6","148","306","2.0676","70","0","335","2.2635","100","0"
"1994","7","148","352","2.3784","85","0","596","4.0270","236","0"
"1994","8","120","124","1.0333","30","0","327","2.7250","100","0"
"1994","9","135","260","1.9259","40","0","363","2.6889","76","0"
"1994","10","145","370","2.5517","54","0","653","4.5034","300","0"
"1994","11","137","293","2.1387","25","0","369","2.6934","45","0"
"1994","12","126","236","1.8730","48","0","172","1.3651","30","0"
"1995","1","140","256","1.8286","43","0","761","5.4357","286","0"
"1995","2","164","207","1.2622","14","0","321","1.9573","100","0"
"1995","3","162","256","1.5802","25","0","403","2.4877","60","0"
"1995","4","111","548","4.9369","168","0","829","7.4685","650","0"
"1995","5","170","188","1.1059","42","0","103","0.6059","18","0"
"1995","6","138","181","1.3116","29","0","333","2.4130","200","0"
"1995","7","158","366","2.3165","48","0","459","2.9051","86","0"
"1995","8","141","365","2.5887","58","0","337","2.3901","100","0"
"1995","9","108","366","3.3889","111","0","362","3.3519","83","0"
"1995","10","191","545","2.8534","62","0","775","4.0576","101","0"
"1995","11","110","208","1.8909","20","0","582","5.2909","60","0"
"1995","12","149","302","2.0268","57","0","373","2.5034","100","0"
"1996","1","139","351","2.5252","90","0","1720","12.3741","1272","0"
"1996","2","122","347","2.8443","32","0","426","3.4918","52","0"
"1996","3","83","151","1.8193","34","0","454","5.4699","200","0"
"1996","4","147","504","3.4286","200","0","358","2.4354","42","0"
"1996","5","165","380","2.3030","50","0","492","2.9818","70","0"
"1996","6","117","417","3.5641","70","0","917","7.8376","386","0"
"1996","7","158","301","1.9051","64","0","847","5.3608","391","0"
"1996","8","173","264","1.5260","29","0","512","2.9595","69","0"
"1996","9","111","171","1.5405","40","0","531","4.7838","150","0"
"1996","10","148","220","1.4865","36","0","280","1.8919","75","0"
"1996","11","129","245","1.8992","43","0","212","1.6434","30","0"
"1996","12","205","384","1.8732","33","0","855","4.1707","91","0"
"1997","1","139","344","2.4748","49","0","538","3.8705","100","0"
"1997","2","149","249","1.6711","21","0","430","2.8859","60","0"
"1997","3","107","285","2.6636","81","0","447","4.1776","119","0"
"1997","4","151","336","2.2252","93","0","282","1.8675","60","0"
"1997","5","108","181","1.6759","17","0","296","2.7407","60","0"
"1997","6","156","371","2.3782","54","0","534","3.4231","77","0"
"1997","7","180","756","4.2000","48","0","852","4.7333","170","0"
"1997","8","184","976","5.3043","256","0","596","3.2391","194","0"
"1997","9","142","513","3.6127","85","0","489","3.4437","101","0"
"1997","10","163","587","3.6012","41","0","733","4.4969","105","0"
"1997","11","129","440","3.4109","58","0","330","2.5581","80","0"
"1997","12","149","1267","8.5034","271","0","704","4.7248","227","0"
"1998","1","30","116","3.8667","104","0","88","2.9333","44","0"
"1998","2","45","123","2.7333","25","0","363","8.0667","46","0"
"1998","3","42","171","4.0714","37","0","603","14.3571","260","0"
"1998","4","32","47","1.4688","7","0","159","4.9688","40","0"
"1998","5","29","72","2.4828","21","0","199","6.8621","60","0"
"1998","6","22","65","2.9545","23","0","149","6.7727","32","0"
"1998","7","47","31","0.6596","8","0","52","1.1064","10","0"
"1998","8","60","400","6.6667","224","0","4584","76.4000","4000","0"
"1998","9","20","55","2.7500","22","0","220","11.0000","80","0"
"1998","10","54","195","3.6111","48","0","312","5.7778","100","0"
"1998","11","54","112","2.0741","24","0","249","4.6111","42","0"
"1998","12","19","69","3.6316","42","0","133","7.0000","47","0"
"1999","1","34","33","0.9706","10","0","143","4.2059","74","0"
"1999","2","31","26","0.8387","3","0","240","7.7419","43","0"
"1999","3","98","151","1.5408","64","0","440","4.4898","150","0"
"1999","4","36","72","2.0000","47","0","315","8.7500","83","0"
"1999","5","47","40","0.8511","7","0","105","2.2340","21","0"
"1999","6","78","133","1.7051","14","0","445","5.7051","100","0"
"1999","7","95","224","2.3579","25","0","315","3.3158","30","0"
"1999","8","53","127","2.3962","15","0","313","5.9057","61","0"
"1999","9","47","217","4.6170","90","0","668","14.2128","184","0"
"1999","10","86","56","0.6512","9","0","189","2.1977","48","0"
"1999","11","77","138","1.7922","20","0","522","6.7792","100","0"
"1999","12","38","99","2.6053","28","0","397","10.4474","110","0"
"2000","1","87","94","1.0805","24","0","231","2.6552","73","0"
"2000","2","51","102","2.0000","44","0","228","4.4706","50","0"
"2000","3","49","103","2.1020","22","0","229","4.6735","47","0"
"2000","4","51","27","0.5294","8","0","123","2.4118","28","0"
"2000","5","62","79","1.2742","6","0","350","5.6452","60","0"
"2000","6","71","137","1.9296","34","0","124","1.7465","42","0"
"2000","7","60","151","2.5167","50","0","314","5.2333","81","0"
"2000","8","71","125","1.7606","35","0","538","7.5775","94","0"
"2000","9","101","211","2.0891","47","0","348","3.4455","60","0"
"2000","10","68","146","2.1471","24","0","441","6.4853","70","0"
"2000","11","80","112","1.4000","14","0","253","3.1625","41","0"
"2000","12","94","209","2.2234","29","0","554","5.8936","40","0"
"2001","1","63","93","1.4762","23","0","130","2.0635","51","0"
"2001","2","54","92","1.7037","15","0","203","3.7593","43","0"
"2001","3","84","153","1.8214","18","0","338","4.0238","86","0"
"2001","4","55","98","1.7818","11","0","573","10.4182","150","0"
"2001","5","37","179","4.8378","95","0","210","5.6757","31","0"
"2001","8","290","589","2.0310","259","0","1041","3.5897","160","0"
"2001","9","74","220","2.9730","32","0","453","6.1216","100","0"
"2001","10","46","88","1.9130","31","0","199","4.3261","60","0"
"2001","11","57","177","3.1053","52","0","325","5.7018","95","0"
"2001","12","51","128","2.5098","24","0","435","8.5294","171","0"
"2002","1","82","127","1.5488","15","0","314","3.8293","29","0"
"2002","2","63","94","1.4921","13","0","101","1.6032","18","0"
"2002","3","43","131","3.0465","13","0","626","14.5581","60","0"
"2002","4","39","143","3.6667","21","0","420","10.7692","70","0"
"2002","5","111","389","3.5045","119","0","717","6.4595","130","0"
"2002","6","84","235","2.7976","19","0","495","5.8929","51","0"
"2002","7","38","84","2.2105","29","0","269","7.0789","80","0"
"2002","8","73","123","1.6849","20","0","520","7.1233","80","0"
"2002","9","27","74","2.7407","33","0","349","12.9259","90","0"
"2002","10","52","274","5.2692","101","0","681","13.0962","150","0"
"2002","11","73","180","2.4658","16","0","375","5.1370","52","0"
"2002","12","27","115","4.2593","57","0","678","25.1111","300","0"
"2003","1","89","146","1.6404","24","0","282","3.1685","103","0"
"2003","2","70","196","2.8000","32","0","363","5.1857","162","0"
"2003","3","101","112","1.1089","24","0","440","4.3564","150","0"
"2003","4","31","103","3.3226","30","0","128","4.1290","55","0"
"2003","5","52","169","3.2500","59","0","515","9.9038","197","0"
"2003","6","23","93","4.0435","20","0","208","9.0435","75","0"
"2003","7","59","87","1.4746","8","0","233","3.9492","38","0"
"2003","8","26","192","7.3846","52","0","676","26.0000","150","0"
"2003","9","55","153","2.7818","11","0","508","9.2364","53","0"
"2003","10","32","98","3.0625","23","0","474","14.8125","58","0"
"2003","11","39","138","3.5385","27","0","1067","27.3590","224","0"
"2003","12","42","134","3.1905","47","0","612","14.5714","170","0"
"2004","1","36","179","4.9722","25","0","537","14.9167","100","0"
"2004","2","21","244","11.6190","56","0","740","35.2381","134","0"
"2004","3","37","920","24.8649","518","0","2536","68.5405","450","0"
"2004","4","48","199","4.1458","74","0","603","12.5625","145","0"
"2004","5","42","144","3.4286","25","0","429","10.2143","100","0"
"2004","6","56","176","3.1429","60","0","538","9.6071","220","0"
"2004","7","50","172","3.4400","70","0","343","6.8600","56","0"
"2004","8","49","200","4.0816","46","0","320","6.5306","63","0"
"2004","9","62","584","9.4194","344","0","1434","23.1290","727","0"
"2004","10","49","308","6.2857","50","0","735","15.0000","159","0"
"2004","11","47","139","2.9574","15","0","346","7.3617","36","0"
"2004","12","49","250","5.1020","29","0","603","12.3061","90","0"
"2005","1","94","275","2.9255","28","0","502","5.3404","41","0"
"2005","2","28","210","7.5000","110","0","360","12.8571","130","0"
"2005","3","106","174","1.6415","47","0","407","3.8396","80","0"
"2005","4","116","192","1.6552","20","0","484","4.1724","28","0"
"2005","5","159","701","4.4088","60","0","2197","13.8176","150","0"
"2005","6","53","152","2.8679","41","0","473","8.9245","130","0"
"2005","7","107","473","4.4206","91","0","1579","14.7570","340","0"
"2005","8","135","198","1.4667","15","0","654","4.8444","100","0"
"2005","9","38","235","6.1842","160","0","669","17.6053","542","0"
"2005","10","90","403","4.4778","55","0","942","10.4667","155","0"
"2005","11","49","397","8.1020","77","0","761","15.5306","90","0"
"2005","12","39","57","1.4615","9","0","121","3.1026","23","0"
"2006","1","112","149","1.3304","30","0","244","2.1786","40","0"
"2006","2","154","277","1.7987","55","0","563","3.6558","57","0"
"2006","3","41","159","3.8780","28","0","273","6.6585","58","0"
"2006","4","171","381","2.2281","57","0","907","5.3041","125","0"
"2006","5","94","252","2.6809","23","0","444","4.7234","38","0"
"2006","6","52","173","3.3269","63","0","345","6.6346","71","0"
"2006","7","126","591","4.6905","188","0","1794","14.2381","817","0"
"2006","8","87","339","3.8966","40","0","815","9.3678","80","0"
"2006","9","55","183","3.3273","22","0","434","7.8909","67","0"
"2006","10","78","499","6.3974","103","0","977","12.5256","150","0"
"2006","11","60","476","7.9333","80","0","679","11.3167","200","0"
"2006","12","58","285","4.9138","46","0","574","9.8966","148","0"
"2007","1","60","228","3.8000","65","0","603","10.0500","123","0"
"2007","2","101","567","5.6139","120","0","1479","14.6436","246","0"
"2007","3","99","667","6.7374","153","0","1309","13.2222","347","0"
"2007","4","84","703","8.3690","127","0","1434","17.0714","178","0"
"2007","5","74","318","4.2973","32","0","715","9.6622","75","0"
"2007","6","233","557","2.3906","62","0","992","4.2575","66","0"
"2007","7","82","645","7.8659","150","0","1387","16.9146","250","0"
"2007","8","87","881","10.1264","250","0","2329","26.7701","750","0"
"2007","9","60","251","4.1833","31","0","564","9.4000","60","0"
"2007","10","92","405","4.4022","141","0","771","8.3804","250","0"
"2007","11","210","430","2.0476","90","0","953","4.5381","150","0"
"2007","12","76","359","4.7237","72","0","773","10.1711","125","0"
"2008","1","134","286","2.1343","16","0","539","4.0224","45","0"
"2008","2","58","382","6.5862","160","0","1574","27.1379","1001","0"
"2008","3","117","286","2.4444","56","0","751","6.4188","200","0"
"2008","4","303","482","1.5908","46","0","1399","4.6172","200","0"
"2008","5","264","635","2.4053","134","0","1201","4.5492","95","0"
"2008","6","257","362","1.4086","63","0","751","2.9222","75","0"
"2008","7","263","472","1.7947","58","0","1383","5.2586","183","0"
"2008","8","215","466","2.1674","64","0","891","4.1442","100","0"
"2008","9","136","264","1.9412","61","0","701","5.1544","200","0"
"2008","10","158","391","2.4747","37","0","947","5.9937","235","0"
"2008","11","326","551","1.6902","58","0","1381","4.2362","76","0"
"2008","12","261","519","1.9885","56","0","1110","4.2529","120","0"
"2009","1","253","299","1.1818","36","0","695","2.7470","110","0"
"2009","2","160","218","1.3625","41","0","492","3.0750","80","0"
"2009","3","186","300","1.6129","57","0","661","3.5538","158","0"
"2009","4","182","432","2.3736","49","0","937","5.1484","140","0"
"2009","5","243","525","2.1605","86","0","1246","5.1276","200","0"
"2009","6","292","619","2.1199","83","0","1483","5.0788","211","0"
"2009","7","320","471","1.4719","36","0","1404","4.3875","107","0"
"2009","8","269","633","2.3532","102","0","2113","7.8550","552","0"
"2009","9","207","389","1.8792","30","0","904","4.3671","52","0"
"2009","10","270","631","2.3370","120","0","1958","7.2519","360","0"
"2009","11","227","335","1.4758","35","0","850","3.7445","100","0"
"2009","12","188","544","2.8936","51","0","1761","9.3670","150","0"
"2010","1","183","367","2.0055","100","0","730","3.9891","87","0"
"2010","2","285","526","1.8456","42","0","1176","4.1263","140","0"
"2010","3","224","436","1.9464","60","0","1186","5.2946","113","0"
"2010","4","260","536","2.0615","82","0","1236","4.7538","100","0"
"2010","5","311","557","1.7910","43","0","1452","4.6688","157","0"
"2010","6","227","313","1.3789","28","0","677","2.9824","61","0"
"2010","7","208","471","2.2644","106","0","1324","6.3654","301","0"
"2010","8","168","368","2.1905","43","0","829","4.9345","70","0"
"2010","9","260","337","1.2962","66","0","1179","4.5346","200","0"
"2010","10","193","350","1.8135","80","0","688","3.5648","75","0"
"2010","11","246","396","1.6098","96","0","712","2.8943","100","0"
"2010","12","188","338","1.7979","52","0","725","3.8564","72","0"
"2011","1","201","482","2.3980","61","0","1177","5.8557","168","0"
"2011","2","213","291","1.3662","49","0","751","3.5258","80","0"
"2011","3","231","469","2.0303","110","0","891","3.8571","101","0"
"2011","4","219","244","1.1142","17","0","708","3.2329","161","0"
"2011","5","239","405","1.6946","82","0","890","3.7238","140","0"
"2011","6","201","517","2.5721","56","0","952","4.7363","100","0"
"2011","7","183","341","1.8634","69","0","792","4.3279","100","0"
"2011","8","186","446","2.3978","57","0","1045","5.6183","123","0"
"2011","9","165","441","2.6727","47","0","1223","7.4121","94","0"
"2011","10","176","361","2.0511","101","0","851","4.8352","167","0"
"2011","11","289","392","1.3564","21","0","879","3.0415","80","0"
"2011","12","182","267","1.4670","37","0","574","3.1538","70","0"
"2012","1","362","831","2.2956","35","0","1108","3.0608","70","0"
"2012","2","273","560","2.0513","40","0","1204","4.4103","100","0"
"2012","3","352","524","1.4886","35","0","1538","4.3693","400","0"
"2012","4","383","544","1.4204","42","0","1023","2.6710","34","0"
"2012","5","391","576","1.4731","57","0","1765","4.5141","370","0"
"2012","6","316","570","1.8038","26","0","1146","3.6266","65","0"
"2012","7","312","566","1.8141","17","0","1082","3.4679","43","0"
"2012","8","307","546","1.7785","22","0","985","3.2085","67","0"
"2012","9","296","510","1.7230","17","0","1122","3.7905","70","0"
"2012","10","325","504","1.5508","22","0","1132","3.4831","100","0"
"2012","11","258","393","1.5233","36","0","1048","4.0620","90","0"
"2012","12","249","369","1.4819","21","0","701","2.8153","66","0"
"2013","1","424","953","2.2476","69","0","1745","4.1156","101","0"
"2013","2","350","764","2.1829","103","0","1274","3.6400","201","0"
"2013","3","324","631","1.9475","57","0","1244","3.8395","151","0"
"2013","4","403","557","1.3821","53","0","1594","3.9553","151","0"
"2013","5","488","961","1.9693","71","0","2321","4.7561","111","0"
"2013","6","370","870","2.3514","35","0","1405","3.7973","55","0"
"2013","7","446","984","2.2063","46","0","1920","4.3049","76","0"
"2013","8","398","856","2.1508","82","0","2157","5.4196","300","0"
"2013","9","442","1234","2.7919","87","0","2516","5.6923","201","0"
"2013","10","511","957","1.8728","40","0","1709","3.3444","66","0"
"2013","11","506","715","1.4130","18","0","1632","3.2253","76","0"
"2013","12","535","979","1.8299","68","0","2061","3.8523","215","0"
"2014","1","597","977","1.6365","52","0","1765","2.9564","70","0"
"2014","2","612","1180","1.9281","62","0","1984","3.2418","65","0"
"2014","3","656","1106","1.6860","51","0","1798","2.7409","153","0"
"2014","4","604","1424","2.3576","287","0","2532","4.1921","400","0"
"2014","5","702","1384","1.9715","59","0","2537","3.6140","94","0"
"2014","6","546","2080","3.8095","670","0","2291","4.1960","112","0"
"2014","7","771","2060","2.6719","298","0","2135","2.7691","93","0"
"2014","8","595","988","1.6605","67","0","1753","2.9462","80","0"
"2014","9","534","1050","1.9663","41","0","2258","4.2285","170","0"
"2014","10","536","1044","1.9478","46","0","1929","3.5989","150","0"
"2014","11","509","1259","2.4735","122","0","1925","3.7819","270","0"
"2014","12","469","1138","2.4264","158","0","1533","3.2687","121","0"
"2015","1","594","1041","1.7525","72","0","1934","3.2559","95","0"
"2015","2","501","860","1.7166","57","0","1638","3.2695","66","0"
"2015","3","483","1039","2.1511","40","0","1820","3.7681","88","0"
"2015","4","537","1131","2.1061","152","0","1720","3.2030","104","0"
"2015","5","516","1167","2.2616","86","0","1937","3.7539","127","0"
"2015","6","472","1374","2.9110","174","0","2174","4.6059","227","0"
"2015","7","485","1252","2.5814","121","0","2161","4.4557","130","0"
"2015","8","512","916","1.7891","68","0","2244","4.3828","400","0"
"2015","9","400","872","2.1800","50","0","2090","5.2250","101","0"
"2015","10","261","598","2.2912","224","0","734","2.8123","96","0"
"2015","11","237","444","1.8734","93","0","1118","4.7173","217","0"
"2015","12","278","455","1.6367","30","0","1061","3.8165","70","0"
"2016","1","338","578","1.7101","66","0","962","2.8462","100","0"
"2016","2","291","609","2.0928","38","0","1125","3.8660","112","0"
"2016","3","264","647","2.4508","79","0","3194","12.0985","1500","0"
"2016","4","303","788","2.6007","71","0","1373","4.5314","347","0"
"2016","5","282","475","1.6844","65","0","848","3.0071","87","0"
"2016","6","246","637","2.5894","50","0","1164","4.7317","235","0"
"2016","7","271","820","3.0258","383","0","995","3.6716","200","0"
"2016","8","320","733","2.2906","75","0","1616","5.0500","217","0"
"2016","9","375","511","1.3627","38","0","1016","2.7093","70","0"
"2016","10","302","1059","3.5066","154","0","1474","4.8808","161","0"
"2016","11","351","801","2.2821","98","0","1533","4.3675","128","0"
"2016","12","312","1076","3.4487","433","0","1219","3.9071","177","0"
"2017","1","216","657","3.0417","79","0","996","4.6111","69","0"
"2017","2","230","758","3.2957","91","0","1309","5.6913","351","0"
"2017","3","259","841","3.2471","230","0","1013","3.9112","136","0"
"2017","4","262","925","3.5305","266","0","860","3.2824","89","0"
"2017","5","310","886","2.8581","108","0","1603","5.1710","491","0"
"2017","6","290","716","2.4690","77","0","1130","3.8966","141","0"
"2017","7","277","438","1.5812","36","0","626","2.2599","51","0"
"2017","8","253","503","1.9881","34","0","790","3.1225","66","0"
"2017","9","242","427","1.7645","46","0","681","2.8140","47","0"
"2017","10","218","1298","5.9541","588","0","2040","9.3578","851","0"
"2017","11","183","783","4.2787","311","0","812","4.4372","140","0"
"2017","12","220","430","1.9545","51","0","622","2.8273","81","0"
"2018","1","261","608","2.3295","104","0","1107","4.2414","235","0"
"2018","2","213","369","1.7324","30","0","467","2.1925","40","0"
"2018","3","209","361","1.7273","44","0","392","1.8756","42","0"
"2018","4","214","603","2.8178","70","0","851","3.9766","135","0"
"2018","5","270","1086","4.0222","330","0","997","3.6926","116","0"
"2018","6","218","587","2.6927","37","0","497","2.2798","35","0"
"2018","7","222","609","2.7432","150","0","709","3.1937","186","0"
"2018","8","231","282","1.2208","51","0","485","2.0996","94","0"
"2018","9","196","295","1.5051","24","0","453","2.3112","46","0"
"2018","10","227","559","2.4626","83","0","654","2.8811","47","0"
"2018","11","198","638","3.2222","118","0","720","3.6364","94","0"
"2018","12","183","893","4.8798","339","0","513","2.8033","42","0"
